metric,stat,p_value
size_usd,1647924553.0,1.8322709256361582e-67
closed_pnl,1642161244.0,1.955223670884698e-68
